<?xml version="1.0" encoding="UTF-8"?>
<extension type="file" version="1.7.0" method="upgrade">
    <name>redSHOP 1.2 sv-SE</name>
    <creationDate>may, 2013</creationDate>
    <author>redCOMPONENT.com</author>
    <authorEmail>email@redweb.dk</authorEmail>
    <authorUrl>www.redcomponent.com</authorUrl>
    <copyright>(C) 2008 - 2013 redCOMPONENT.com</copyright>
    <license>GNU/GPL</license>
    <version>2.5</version>
    <description>redSHOP 1.2 sv-SE</description>

    <fileset>
        <files folder="admin" target="administrator/language">
            <folder>sv-SE</folder>
        </files>
        <files folder="site" target="language">
            <folder>sv-SE</folder>
        </files>
    </fileset>
</extension>